,UnderlyingSymbol,Type,UnderlyingPrice,Strike,ExpirDay,MidPrice,BSPrice,IVOL
0,A,call,39.42,40.0,0.027397260274,0.725,0.72500005591,0.373222904983
1,AA,call,9.48,9.5,0.027397260274,0.25,0.249999927489,0.410559732331
2,AA,put,9.48,9.0,0.027397260274,0.085,0.0851362752399,0.423940160872
3,AAL,call,42.7,42.5,0.027397260274,1.245,1.24537401927,0.401673071714
4,AAL,put,42.7,40.5,0.027397260274,0.37,0.370649520565,0.422046886361
5,AAP,call,171.92,170.0,0.027397260274,6.55,6.55000089277,0.485804514545
6,AAP,put,171.92,160.0,0.027397260274,1.55,1.5502454025,0.5145092694
7,AAPL,call,113.5499,114.0,0.027397260274,2.515,2.5151425045,0.359871886721
8,AAPL,put,113.5499,107.0,0.027397260274,0.865,0.865002306093,0.428410465142
9,ABBV,call,68.25,68.0,0.027397260274,1.175,1.17535520337,0.227695951629
10,ABBV,put,68.25,64.0,0.0657534246575,0.35,0.350070387281,0.253435241089
11,ABC,call,104.51,105.0,0.027397260274,1.125,1.12500001105,0.192087406597
12,ABC,put,104.51,90.0,0.104109589041,0.15,0.150120345783,0.273844985347
13,ABT,call,50.39,50.0,0.027397260274,0.85,0.850000571126,0.186473039812
14,ABT,put,50.39,47.0,0.027397260274,0.045,0.0451275393745,0.260022608681
15,ACN,call,103.58,104.0,0.0849315068493,1.775,1.77485203869,0.15664050934
16,ACN,put,103.58,98.0,0.0465753424658,0.275,0.275001134883,0.219943780684
17,ADBE,call,83.9,85.0,0.027397260274,0.66,0.660004698821,0.198536694408
18,ADBE,put,83.9,77.5,0.027397260274,0.07,0.0700066564685,0.284628469414
19,ADI,call,59.38,60.0,0.027397260274,1.5,1.50000006318,0.45111755491
20,ADI,put,59.38,55.0,0.027397260274,0.425,0.425144115446,0.491117844766
21,ADM,call,46.07,46.0,0.027397260274,0.6,0.600174753325,0.18110668405
22,ADM,put,46.07,43.5,0.0657534246575,0.335,0.335004963603,0.268157513017
23,ADP,call,81.33,82.5,0.027397260274,0.4,0.400093741147,0.156302140765
24,ADS,call,267.99,270.0,0.104109589041,7.05,7.05060164428,0.22369100659
25,ADS,put,267.99,250.0,0.104109589041,2.475,2.47504778165,0.264806526486
26,ADSK,call,54.06,55.0,0.027397260274,0.74,0.740151701489,0.315858504749
27,ADSK,put,54.06,50.0,0.027397260274,0.115,0.115240874032,0.345686324992
28,ADT,call,33.45,33.0,0.027397260274,0.9,0.900023756114,0.290958357149
29,ADT,put,33.45,31.0,0.027397260274,0.125,0.125004407597,0.395107942088
30,AEP,call,56.85,57.5,0.027397260274,0.35,0.350012751007,0.161419073909
31,AEP,put,56.85,40.0,0.104109589041,0.375,0.000144047840663,0.3
32,AES,call,12.35,13.0,0.104109589041,0.15,0.150005673089,0.235183178461
33,AET,call,118.35,118.0,0.027397260274,2.33,2.33005509818,0.27099540856
34,AET,put,118.35,112.0,0.027397260274,0.34,0.340648452358,0.291335126102
35,AFL,call,64.24,65.0,0.027397260274,0.245,0.245146884825,0.124175048086
36,AFL,put,64.24,60.0,0.027397260274,0.075,0.0750424104432,0.270846764602
37,AGN,call,317.49,317.5,0.027397260274,5.2,5.19995329874,0.243898470103
38,AGN,put,317.49,300.0,0.027397260274,0.85,0.850000937763,0.290670861109
39,AIG,call,63.31,63.5,0.027397260274,0.635,0.635432700272,0.16945004436
40,AIG,put,63.31,60.0,0.027397260274,0.105,0.105252905557,0.245321442704
41,AIZ,call,79.13,80.0,0.104109589041,1.3,1.30000017549,0.158630544968
42,AIZ,put,79.13,75.0,0.027397260274,0.25,0.25020504127,0.29396431356
43,AKAM,call,72.96,73.0,0.027397260274,1.2,1.19998778661,0.248813050286
44,AKAM,put,72.96,69.0,0.0849315068493,0.695,0.695010759741,0.260547510775
45,ALL,call,63.47,62.5,0.027397260274,1.375,1.37503327286,0.185018794098
46,ALL,put,63.47,60.0,0.027397260274,0.1,0.100194289274,0.250539046118
47,ALTR,call,49.53,50.0,0.104109589041,0.55,0.550000650357,0.111772032877
48,ALTR,put,49.53,45.0,0.104109589041,0.275,0.275014095305,0.272394255885
49,ALXN,call,186.31,187.5,0.027397260274,3.5,3.50015901304,0.325626204674
50,ALXN,put,186.31,160.0,0.0657534246575,0.575,0.575001491776,0.409243017641
51,AMAT,call,17.34,17.5,0.027397260274,0.34,0.340151677095,0.357189260426
52,AMAT,put,17.34,16.0,0.027397260274,0.1,0.100055572437,0.470645196158
53,AME,call,55.63,50.0,0.027397260274,5.55,5.67356692672,0.3
54,AME,put,55.63,50.0,0.104109589041,0.275,0.275002975179,0.283404127112
55,AMGN,call,168.56,167.5,0.027397260274,3.275,3.27500001407,0.239451815483
56,AMGN,put,168.56,160.0,0.027397260274,0.715,0.715003197317,0.31753496041
57,AMP,call,123.42,125.0,0.027397260274,1.0,1.00000524671,0.200604117831
58,AMP,put,123.42,115.0,0.104109589041,0.775,0.775540381138,0.231550111616
59,AMT,call,101.0,101.0,0.027397260274,1.125,1.12494482428,0.164256398856
60,AMT,put,101.0,95.0,0.104109589041,0.75,0.750351237863,0.225341202606
61,AMZN,call,527.46,527.5,0.027397260274,9.875,9.87498834245,0.279741106174
62,AMZN,put,527.46,500.0,0.027397260274,1.765,1.76506164693,0.298710705037
63,AN,call,60.6,60.0,0.027397260274,1.225,1.22500032646,0.218781622008
64,AN,put,60.6,57.5,0.027397260274,0.15,0.150018486777,0.269179753289
65,ANTM,call,152.42,152.5,0.0657534246575,2.935,2.93462429463,0.183974070531
66,ANTM,put,152.42,144.0,0.123287671233,1.635,1.63516507507,0.231969650434
67,AON,call,101.32,105.0,0.104109589041,0.625,0.625000574198,0.140454473473
68,AON,put,101.32,95.0,0.104109589041,0.5,0.500001373275,0.200689870852
69,APA,call,47.69,47.5,0.027397260274,1.405,1.40535833073,0.411781268752
70,APA,put,47.69,45.0,0.027397260274,0.42,0.420001261403,0.448295943921
71,APC,call,75.47,75.5,0.0465753424658,2.08,2.07999699248,0.316783863391
72,APC,put,75.47,71.5,0.027397260274,0.435,0.435172835195,0.362845513996
73,APD,call,146.7,145.0,0.027397260274,3.2,3.20000098529,0.227782155065
74,APD,put,146.7,135.0,0.104109589041,1.05,1.05003512417,0.269110961128
75,ARG,call,105.24,105.0,0.027397260274,1.625,1.62537429408,0.211805613469
76,ARG,put,105.24,55.0,0.027397260274,0.4,6.12856396447e-40,0.3
77,AVB,call,175.22,175.0,0.027397260274,2.1,2.1006560947,0.167411460917
78,AVGO,call,124.21,125.0,0.027397260274,3.175,3.17500000291,0.428239688005
79,AVGO,put,124.21,115.0,0.027397260274,0.725,0.725181433988,0.459007469087
80,AVY,call,64.29,65.0,0.027397260274,0.525,0.5250019541,0.191554515948
81,AXP,call,81.34,81.5,0.027397260274,1.025,1.02505295382,0.20099537217
82,AXP,put,81.34,77.0,0.027397260274,0.14,0.140208757259,0.251487287833
83,AZO,call,714.42,710.0,0.027397260274,11.05,11.0500037336,0.178924964608
84,AZO,put,714.42,670.0,0.027397260274,0.675,0.675008185724,0.2464944038
85,BA,call,144.05,144.0,0.027397260274,1.94,1.93999858752,0.196911710128
86,BA,put,144.05,136.0,0.027397260274,0.255,0.25514935232,0.262357085189
87,BAC,call,17.79,18.0,0.027397260274,0.155,0.155000354581,0.204658652013
88,BAC,put,17.79,16.5,0.027397260274,0.015,0.0157891518394,0.276173620652
89,BAX,call,41.76,42.0,0.027397260274,0.62,0.62007994967,0.261421249487
90,BAX,put,41.76,39.5,0.027397260274,0.235,0.235133282246,0.366357947817
91,BBBY,call,63.84,64.0,0.027397260274,0.76,0.760137905,0.194327250021
92,BBBY,put,63.84,60.0,0.104109589041,0.455,0.455266389391,0.223563614609
93,BBT,call,40.21,40.0,0.027397260274,0.46,0.46000215264,0.124744786999
94,BBT,put,40.21,38.0,0.104109589041,0.3,0.300186386608,0.215221421627
95,BBY,call,31.49,31.49,0.104109589041,1.31,1.30999716904,0.314956050896
96,BBY,put,31.49,29.5,0.027397260274,0.08,0.0807614068772,0.317865229924
97,BCR,call,198.98,200.0,0.027397260274,2.25,2.25000001897,0.203308933153
98,BDX,call,148.6,150.0,0.027397260274,1.15,1.15000451575,0.175271468806
99,BDX,put,148.6,140.0,0.027397260274,0.2,0.200489868313,0.252052273553
100,BEN,call,43.96,45.0,0.027397260274,0.275,0.275012547542,0.225489627634
101,BEN,put,43.96,40.0,0.104109589041,0.325,0.325095971762,0.295812372282
102,BIIB,call,314.85,315.0,0.027397260274,6.85,6.84998197007,0.328705912897
103,BIIB,put,314.85,297.5,0.027397260274,1.7,1.70000010388,0.365112020142
104,BK,call,44.67,44.5,0.027397260274,0.655,0.655739366993,0.187619731877
105,BK,put,44.67,42.0,0.027397260274,0.08,0.0800076267648,0.277043828617
106,BLK,call,330.0,330.0,0.027397260274,4.65,4.64989342458,0.20899550798
107,BLK,put,330.0,310.0,0.027397260274,0.4,0.400962868381,0.255156570893
108,BLL,call,70.15,70.0,0.027397260274,1.275,1.27504732792,0.254474816256
109,BMY,call,62.66,62.5,0.027397260274,1.13,1.13007561896,0.249051164445
110,BMY,put,62.66,59.0,0.123287671233,0.865,0.86500230922,0.26849300219
111,BRCM,call,50.75,50.0,0.027397260274,1.255,1.25500040278,0.242440120832
112,BSX,call,17.14,17.0,0.027397260274,0.365,0.365156231442,0.251960127855
113,BWA,call,46.6,47.5,0.027397260274,0.525,0.52510062354,0.2879833882
114,BWA,put,46.6,19.0,0.027397260274,1.845,1.886729183e-74,0.3
115,BXLT,call,38.72,37.5,0.027397260274,2.05,2.0501444817,0.532255350829
116,BXLT,put,38.72,35.0,0.104109589041,1.025,1.02500156967,0.52303990359
117,BXP,call,119.75,125.0,0.104109589041,0.8,0.800000509262,0.162212230587
118,C,call,57.64,57.5,0.027397260274,0.89,0.890237371084,0.210622044777
119,C,put,57.64,54.5,0.027397260274,0.125,0.125016310192,0.271602522788
120,CA,call,29.41,29.0,0.104109589041,0.9,0.900001709889,0.169060925202
121,CAG,call,44.97,45.0,0.027397260274,0.55,0.549965557963,0.185818968298
122,CAG,put,44.97,42.0,0.104109589041,0.275,0.275274703176,0.224540898123
123,CAH,call,85.89,85.0,0.027397260274,1.675,1.6750017582,0.202872235952
124,CAM,call,50.85,50.0,0.027397260274,1.775,1.77500043912,0.386973277314
125,CAM,put,50.85,47.5,0.027397260274,0.325,0.325008476577,0.436966674297
126,CAT,call,78.04,78.0,0.027397260274,1.52,1.51999985601,0.286756575706
127,CAT,put,78.04,74.0,0.027397260274,0.26,0.260045096648,0.297131258461
128,CBG,call,38.5,38.0,0.027397260274,0.85,0.850001020717,0.217783942962
129,CBG,put,38.5,35.0,0.104109589041,0.2,0.200027101658,0.26571402564
130,CBS,call,50.29,50.5,0.0465753424658,1.15,1.1500030589,0.283262352176
131,CBS,put,50.29,47.5,0.027397260274,0.235,0.235063625302,0.348566520763
132,CCE,call,52.19,50.0,0.104109589041,2.95,2.95001659549,0.233342283438
133,CCE,put,52.19,48.0,0.104109589041,0.5,0.500002984762,0.300725869393
134,CCI,call,84.18,85.0,0.104109589041,1.125,1.12500040154,0.130407057993
135,CCI,put,84.18,77.5,0.104109589041,0.25,0.250010490002,0.204679367445
136,CCL,call,52.19,50.0,0.027397260274,2.225,2.22520300185,0.122486934641
137,CELG,call,130.66,131.0,0.027397260274,2.295,2.29500615418,0.280736265333
138,CELG,put,130.66,124.0,0.027397260274,0.515,0.51500035048,0.310501613044
139,CERN,call,62.81,65.0,0.027397260274,0.3,0.30002638627,0.246730910218
140,CF,call,57.27,57.5,0.027397260274,1.23,1.23005398321,0.3500593289
141,CF,put,57.27,54.0,0.027397260274,0.48,0.480001538922,0.442455334028
142,CHK,call,8.21,8.0,0.027397260274,0.61,0.610022456023,0.926666516819
143,CHK,put,8.21,7.5,0.027397260274,0.245,0.245072302262,1.01826908161
144,CHRW,call,69.84,70.0,0.027397260274,0.85,0.850102023573,0.196809865942
145,CI,call,144.68,145.0,0.027397260274,1.3,1.30060873001,0.148000351173
146,CI,put,144.68,135.0,0.027397260274,0.12,0.12057609812,0.255093346974
147,CL,call,68.26,68.5,0.027397260274,0.535,0.535000022502,0.139548144137
148,CL,put,68.26,55.0,0.104109589041,0.825,0.825269870814,0.613603844161
149,CLX,call,117.67,120.0,0.027397260274,0.4,0.400862769204,0.154187947075
150,CLX,put,117.67,110.0,0.104109589041,0.35,0.350042186773,0.177016280723
151,CMA,call,47.63,48.0,0.027397260274,0.58,0.580586208334,0.234134365454
152,CMA,put,47.63,45.0,0.104109589041,0.595,0.59500159225,0.269463777864
153,CMCSA,call,58.79,59.0,0.027397260274,0.78,0.780166587242,0.222515903296
154,CMCSA,put,58.79,55.0,0.104109589041,0.5,0.500043031246,0.249952538029
155,CME,call,97.25,97.0,0.027397260274,1.275,1.27500000632,0.173893899123
156,CME,put,97.25,91.0,0.123287671233,0.725,0.725568465146,0.218751487987
157,CMG,call,745.66,745.0,0.027397260274,9.8,9.80088800296,0.187855001266
158,CMG,put,745.66,707.5,0.0657534246575,3.25,3.25000294647,0.210100686834
159,CMI,call,127.98,128.0,0.027397260274,1.675,1.67493330386,0.194978335368
160,CMI,put,127.98,121.0,0.027397260274,0.4,0.400046547751,0.302243104001
161,CMS,call,34.71,35.0,0.027397260274,0.275,0.275000609295,0.171773629437
162,CNP,call,19.36,19.0,0.027397260274,0.325,0.375745855346,0.0708198997316
163,CNX,call,13.45,13.0,0.027397260274,0.985,0.985190479515,0.841265952306
164,CNX,put,13.45,12.0,0.027397260274,0.255,0.25500109689,0.924802869439
165,COF,call,80.87,81.0,0.027397260274,0.91,0.91002379681,0.177954243657
166,COF,put,80.87,75.5,0.123287671233,0.55,0.550660590592,0.215936472335
167,COG,call,26.07,25.0,0.027397260274,1.125,1.12562583169,0.201580483306
168,COH,call,32.65,32.5,0.027397260274,0.7,0.700009312133,0.284524225857
169,COH,put,32.65,31.0,0.027397260274,0.2,0.200057272929,0.361913991538
170,COL,call,86.78,85.0,0.104109589041,3.0,3.00004164956,0.167671020527
171,COP,call,50.4,50.5,0.027397260274,0.935,0.935000087296,0.291227895644
172,COP,put,50.4,47.5,0.027397260274,0.205,0.205042927139,0.34116402801
173,COST,call,145.89,146.0,0.027397260274,1.25,1.24978246808,0.130992979166
174,COST,put,145.89,138.0,0.027397260274,0.12,0.12004032302,0.213779765399
175,CPB,call,50.32,50.0,0.027397260274,0.85,0.850000084424,0.199549608313
176,CPGX,call,27.82,45.0,0.027397260274,5.35,3.49465156638e-23,0.3
177,CRM,call,71.63,71.5,0.027397260274,3.175,3.17521124039,0.654072906525
178,CRM,put,71.63,68.0,0.027397260274,1.565,1.56500299409,0.663508651252
179,CSC,call,64.2,65.0,0.027397260274,1.8,1.80000040697,0.506572220469
180,CSC,put,64.2,60.0,0.027397260274,0.675,0.675048143548,0.528439896274
181,CSCO,call,28.03,28.0,0.027397260274,0.78,0.780004571374,0.409178683068
182,CSCO,put,28.03,26.5,0.027397260274,0.245,0.245824345022,0.438739196575
183,CSX,call,29.33,29.0,0.027397260274,0.68,0.680458873582,0.253201720184
184,CSX,put,29.33,27.0,0.027397260274,0.04,0.0400192358299,0.325814269601
185,CTAS,call,87.92,87.5,0.027397260274,1.125,1.12500063198,0.150112614049
186,CTL,call,28.24,28.0,0.027397260274,0.75,0.750084766175,0.330472849571
187,CTL,put,28.24,26.0,0.027397260274,0.125,0.125064676906,0.440865847374
188,CTSH,call,67.78,68.0,0.027397260274,0.925,0.925131934099,0.225972743052
189,CTSH,put,67.78,64.0,0.027397260274,0.15,0.150007351677,0.27793776093
190,CTXS,call,75.2,75.0,0.027397260274,1.375,1.37508556946,0.252022418224
191,CTXS,put,75.2,70.0,0.104109589041,0.7,0.700007069885,0.270559402105
192,CVC,call,25.44,25.0,0.104109589041,1.65,1.65000003016,0.428429496547
193,CVC,put,25.44,24.0,0.027397260274,0.4,0.400003919055,0.586405963477
194,CVS,call,108.08,108.0,0.027397260274,1.405,1.40509225718,0.18680368851
195,CVS,put,108.08,102.0,0.027397260274,0.15,0.150441961568,0.248351002648
196,CVX,call,85.78,86.0,0.027397260274,0.925,0.9253016707,0.177761491062
197,CVX,put,85.78,81.0,0.027397260274,0.355,0.355036531807,0.335546712099
198,D,call,72.68,72.5,0.027397260274,0.85,0.850000013997,0.153056466917
199,D,put,72.68,67.5,0.104109589041,0.325,0.325000928266,0.213101840086
200,DAL,call,47.1,47.0,0.027397260274,1.13,1.13001869746,0.342950973324
201,DAL,put,47.1,44.5,0.027397260274,0.26,0.260186094967,0.368570140603
202,DD,call,53.39,53.5,0.027397260274,0.545,0.545113939673,0.165422689309
203,DD,put,53.39,50.5,0.0657534246575,0.335,0.335044000679,0.248574438063
204,DE,call,96.24,96.0,0.027397260274,2.26,2.2600313711,0.332356641682
205,DE,put,96.24,90.5,0.027397260274,0.5,0.500941015189,0.379989061529
206,DFS,call,55.52,55.0,0.027397260274,1.0,1.00000156296,0.188878714618
207,DG,call,78.71,78.5,0.027397260274,1.0,1.00000000954,0.166898443638
208,DG,put,78.71,74.5,0.0657534246575,0.65,0.650002282176,0.275173879065
209,DGX,call,72.55,75.0,0.027397260274,0.475,0.475000530184,0.277372415491
210,DHI,call,29.38,29.5,0.027397260274,0.465,0.465019923137,0.26488812661
211,DHI,put,29.38,27.5,0.027397260274,0.1,0.100074432551,0.348121869227
212,DHR,call,91.06,90.0,0.027397260274,1.725,1.72501413068,0.18048988398
213,DIS,call,108.0,108.0,0.027397260274,1.535,1.53496623927,0.210845113482
214,DIS,put,108.0,102.0,0.027397260274,0.215,0.215045965431,0.269323551877
215,DISCA,call,28.74,30.0,0.027397260274,0.2,0.200001174349,0.329024212905
216,DISCK,call,27.25,30.0,0.027397260274,0.2,0.200002704539,0.552822743568
217,DLPH,call,77.71,77.5,0.027397260274,1.575,1.57501143958,0.28183943168
218,DLPH,put,77.71,72.5,0.104109589041,1.025,1.0253941845,0.307774594307
219,DLTR,call,77.69,77.5,0.027397260274,2.15,2.15016978865,0.39643497537
220,DNB,call,116.12,87.5,0.027397260274,0.125,28.6712144628,0.3
221,DNB,put,116.12,110.0,0.104109589041,1.225,1.22505571871,0.243083593042
222,DO,call,23.48,22.5,0.027397260274,1.285,1.28516797997,0.445339368452
223,DO,put,23.48,20.0,0.027397260274,0.1,0.100743521224,0.712082884496
224,DOV,call,64.43,65.0,0.027397260274,0.85,0.850416586805,0.256548310001
225,DOV,put,64.43,60.0,0.027397260274,0.175,0.175170368747,0.344207258459
226,DOW,call,45.29,45.5,0.027397260274,0.725,0.725027230145,0.271462592533
227,DOW,put,45.29,43.0,0.027397260274,0.205,0.205002674999,0.323830437346
228,DPS,call,81.66,80.0,0.104109589041,2.675,2.67508663485,0.153015862302
229,DRI,call,70.97,70.0,0.027397260274,1.85,1.85040044298,0.27554693134
230,DTE,call,81.16,80.0,0.104109589041,2.675,2.67500185714,0.186586259561
231,DTE,put,81.16,75.0,0.104109589041,5.0,5.00000015142,0.77497787958
232,DUK,call,75.29,75.0,0.027397260274,0.6,0.600013752016,0.082994540967
233,DUK,put,75.29,70.0,0.027397260274,0.075,0.0750301360067,0.275497861063
234,DVN,call,47.3,47.5,0.027397260274,1.11,1.11012285654,0.381726314173
235,DVN,put,47.3,44.5,0.0657534246575,0.745,0.745095893058,0.390589924905
236,EA,call,73.82,74.0,0.027397260274,1.175,1.17501757394,0.254607850234
237,EA,put,73.82,70.0,0.027397260274,0.215,0.215001188487,0.284879662579
238,EBAY,call,28.14,28.0,0.027397260274,0.535,0.535141604246,0.244297059094
239,EBAY,put,28.14,26.5,0.027397260274,0.055,0.0559540206401,0.279170303134
240,ECL,call,115.93,115.0,0.027397260274,1.925,1.92500243183,0.179602835512
241,ED,call,65.85,65.0,0.027397260274,1.075,1.07555007463,0.119026950855
242,ED,put,65.85,62.5,0.027397260274,0.1,0.100506185049,0.235065701866
243,EFX,call,103.53,105.0,0.104109589041,1.45,1.45000283765,0.149799053195
244,EIX,call,59.0,60.0,0.027397260274,0.35,0.350030673431,0.186821237058
245,EIX,put,59.0,55.0,0.104109589041,0.4,0.400167506705,0.236965663721
246,EL,call,90.28,90.0,0.027397260274,2.3,2.30013205061,0.357947899861
247,EL,put,90.28,85.0,0.027397260274,0.625,0.625001441677,0.416340963639
248,EMC,call,26.49,26.5,0.027397260274,0.5,0.499999579219,0.28431854127
249,EMC,put,26.49,25.0,0.027397260274,0.085,0.0852661515953,0.311772985688
250,EMN,call,77.63,77.5,0.027397260274,1.4,1.40003049968,0.25595381161
251,EMN,put,77.63,70.0,0.104109589041,0.5,0.500004123317,0.300631786118
252,EMR,call,48.93,49.0,0.027397260274,0.55,0.549996663931,0.176476484025
253,EMR,put,48.93,46.0,0.104109589041,0.6,0.60000045568,0.279363364303
254,ENDP,call,83.43,85.0,0.027397260274,1.1,1.10027927035,0.31604135931
255,ENDP,put,83.43,75.0,0.027397260274,0.175,0.175016508148,0.436977199169
256,EOG,call,77.3,77.5,0.027397260274,1.66,1.66001061988,0.339850843792
257,EOG,put,77.3,73.0,0.027397260274,0.43,0.43036444694,0.371495241921
258,EQIX,call,279.43,280.0,0.027397260274,3.85,3.85012178809,0.219341193026
259,EQR,call,76.37,77.5,0.027397260274,0.375,0.375092742949,0.158245182297
260,EQR,put,76.37,72.5,0.104109589041,0.725,0.725106601111,0.226912928958
261,EQT,call,76.11,80.0,0.104109589041,1.475,1.47505648003,0.296034361715
262,EQT,put,76.11,70.0,0.027397260274,0.525,0.525741425943,0.51379273162
263,ES,call,50.41,50.0,0.027397260274,0.9,0.900000359223,0.19828757901
264,ESRX,call,89.5,89.5,0.027397260274,1.365,1.36497972645,0.226581547119
265,ESRX,put,89.5,85.0,0.027397260274,0.195,0.195114641373,0.256297882047
266,ESS,call,228.15,210.0,0.104109589041,19.2,19.2000701214,0.197147275286
267,ESV,call,17.76,18.0,0.027397260274,0.575,0.575000304576,0.579400822057
268,ESV,put,17.76,16.0,0.027397260274,0.2,0.200006687319,0.708328698906
269,ETFC,call,28.76,29.0,0.027397260274,0.485,0.485006351267,0.309411751543
270,ETFC,put,28.76,27.0,0.027397260274,0.12,0.120119947667,0.359256056201
271,ETN,call,60.11,60.0,0.027397260274,0.95,0.950109654386,0.220883268188
272,ETN,put,60.11,57.0,0.0849315068493,0.5,0.500054329838,0.239167112922
273,ETR,call,68.94,70.0,0.027397260274,0.45,0.450018126427,0.188804727354
274,ETR,put,68.94,65.0,0.104109589041,0.55,0.550184644469,0.226340401892
275,EW,call,143.81,145.0,0.027397260274,2.075,2.07532049153,0.271767204298
276,EW,put,143.81,135.0,0.027397260274,0.325,0.325084648322,0.3
277,EXC,call,32.09,32.0,0.027397260274,0.45,0.450319012122,0.186053691936
278,EXC,put,32.09,30.0,0.027397260274,0.1,0.100062252263,0.343588665327
279,EXPD,call,48.71,49.0,0.027397260274,0.5,0.500000025573,0.192852313427
280,EXPD,put,48.71,46.0,0.027397260274,0.1,0.100014534181,0.271842171585
281,EXPE,call,121.13,121.0,0.027397260274,2.575,2.5750005523,0.309505077748
282,EXPE,put,121.13,115.0,0.027397260274,0.7,0.700137437634,0.354239234973
283,F,call,14.7,14.5,0.027397260274,0.335,0.335970650675,0.224025402621
284,F,put,14.7,13.5,0.0849315068493,0.075,0.0750051074569,0.269824728522
285,FAST,call,39.77,40.0,0.027397260274,0.45,0.45055827169,0.208012595509
286,FAST,put,39.77,37.0,0.104109589041,0.3,0.300039813427,0.250746278813
287,FB,call,93.62,93.5,0.027397260274,1.82,1.82000362716,0.280329556506
288,FB,put,93.62,88.5,0.027397260274,0.3,0.300183036596,0.305210272164
289,FCX,call,10.22,10.0,0.027397260274,0.645,0.645009284087,0.786258503338
290,FCX,put,10.22,9.5,0.027397260274,0.255,0.25502890229,0.834260610976
291,FDX,call,168.43,167.5,0.027397260274,2.71,2.71000017891,0.194552387983
292,FDX,put,168.43,160.0,0.027397260274,0.295,0.295808875377,0.240778756791
293,FE,call,34.19,34.0,0.027397260274,0.6,0.600529410563,0.217014686345
294,FFIV,call,131.37,131.0,0.027397260274,2.915,2.91500584243,0.310166027559
295,FFIV,put,131.37,123.0,0.0657534246575,1.345,1.345016492,0.33433760417
296,FIS,call,65.07,65.0,0.104109589041,1.645,1.6449737089,0.18363496614
297,FISV,call,88.05,90.0,0.027397260274,0.325,0.325495587457,0.170311445432
298,FISV,put,88.05,75.0,0.104109589041,0.2,0.200026011369,0.31791288954
299,FITB,call,21.17,21.0,0.027397260274,0.39,0.390813466926,0.20880109433
300,FITB,put,21.17,20.0,0.027397260274,0.045,0.045005112284,0.273044705129
301,FLIR,call,31.31,32.0,0.104109589041,0.425,0.42500537042,0.169747612362
302,FLR,call,48.09,48.0,0.027397260274,0.9,0.900014328512,0.264756179928
303,FLR,put,48.09,45.0,0.027397260274,0.1,0.100071580121,0.304383272626
304,FLS,call,47.48,45.0,0.027397260274,3.025,3.02500071204,0.471139591916
305,FLS,put,47.48,45.0,0.027397260274,0.25,0.250045970961,0.349282680995
306,FMC,call,48.31,50.0,0.027397260274,0.2,0.200060452797,0.233631772763
307,FOSL,call,62.11,62.0,0.027397260274,3.6,3.59953689197,0.861441344957
308,FOSL,put,62.11,59.0,0.0465753424658,2.325,2.32500007688,0.709961222118
309,FOXA,call,30.05,30.0,0.027397260274,0.55,0.550009343562,0.260114223591
310,FOXA,put,30.05,28.0,0.104109589041,0.35,0.350084701401,0.294379379254
311,FSLR,call,51.44,51.5,0.027397260274,1.63,1.6298736318,0.484203414015
312,FSLR,put,51.44,48.0,0.0849315068493,1.135,1.1353572228,0.435974263983
313,FTI,call,33.3,33.0,0.027397260274,0.975,0.975501629248,0.368277201404
314,FTR,call,5.335,5.5,0.027397260274,0.075,0.0750015107431,0.395520508211
315,FTR,put,5.335,5.0,0.104109589041,0.125,0.125006274102,0.395580115431
316,GD,call,150.6,150.0,0.027397260274,2.225,2.22500004225,0.187563182205
317,GD,put,150.6,140.0,0.104109589041,0.775,0.775000555586,0.220974464991
318,GE,call,25.71,25.5,0.027397260274,0.46,0.460000184324,0.198563252486
319,GE,put,25.71,24.0,0.104109589041,0.155,0.155163079656,0.224470713122
320,GGP,call,28.04,28.0,0.027397260274,0.375,0.375082145443,0.187148365786
321,GGP,put,28.04,26.0,0.027397260274,0.095,0.0958394648808,0.38301930135
322,GILD,call,115.61,116.0,0.027397260274,1.875,1.87504379878,0.265829221365
323,GILD,put,115.61,109.0,0.027397260274,0.36,0.360001010471,0.31230226579
324,GIS,call,59.14,60.0,0.027397260274,0.32,0.320043187437,0.165563867487
325,GIS,put,59.14,55.0,0.027397260274,0.06,0.0600225776594,0.275712964086
326,GLW,call,17.89,18.0,0.027397260274,0.27,0.270027080259,0.267856051681
327,GLW,put,17.89,16.0,0.027397260274,0.015,0.015074945463,0.376830209742
328,GM,call,30.83,31.0,0.027397260274,0.49,0.490020011523,0.275741462731
329,GM,put,30.83,29.0,0.027397260274,0.09,0.090541555021,0.315382162003
330,GMCR,call,52.96,53.0,0.027397260274,1.26,1.25998565243,0.361597066065
331,GMCR,put,52.96,50.0,0.027397260274,0.33,0.330504612361,0.388720983439
332,GME,call,45.72,45.5,0.0465753424658,1.975,1.97572999083,0.469013039304
333,GME,put,45.72,43.0,0.027397260274,0.19,0.19010324857,0.351701139217
334,GNW,call,5.24,5.0,0.027397260274,0.36,0.360323195853,0.644316078818
335,GNW,put,5.24,4.5,0.027397260274,0.03,0.0300664110183,0.739203838316
336,GOOG,call,660.78,660.0,0.027397260274,11.05,11.0502643864,0.239877110189
337,GOOG,put,660.78,627.5,0.027397260274,1.5,1.50060484573,0.259605433848
338,GOOGL,call,690.3,690.0,0.027397260274,11.15,11.1499882776,0.236944448484
339,GOOGL,put,690.3,655.0,0.027397260274,1.525,1.52561077726,0.260514066628
340,GPC,call,87.99,90.0,0.027397260274,0.3,0.300664650048,0.167688081128
341,GPS,call,35.45,35.5,0.027397260274,0.815,0.814995169325,0.354268375817
342,GPS,put,35.45,33.5,0.027397260274,0.235,0.235368190726,0.393955133908
343,GRMN,call,40.24,40.0,0.027397260274,0.775,0.775337807899,0.23975931732
344,GRMN,put,40.24,37.5,0.027397260274,0.105,0.105058083996,0.33791856746
345,GS,call,201.7,202.5,0.027397260274,2.345,2.3450000037,0.200281508361
346,GS,put,201.7,190.0,0.027397260274,0.37,0.370065596222,0.272408893873
347,GT,call,31.22,31.0,0.027397260274,0.7,0.700036886255,0.279087339317
348,GT,put,31.22,29.5,0.027397260274,0.125,0.125006169397,0.329289772404
349,GWW,call,228.05,230.0,0.027397260274,2.15,2.15000102359,0.196441152874
350,GWW,put,228.05,210.0,0.104109589041,1.05,1.05000069074,0.231682169104
351,HAL,call,41.95,42.0,0.027397260274,0.91,0.909997458733,0.333015891452
352,HAL,put,41.95,39.5,0.027397260274,0.23,0.2303940102,0.381815734241
353,HAR,call,111.97,110.0,0.027397260274,3.7,3.70000021576,0.348784732495
354,HAR,put,111.97,105.0,0.027397260274,0.8,0.800008972743,0.438671482502
355,HAS,call,79.13,80.0,0.027397260274,0.725,0.725000869263,0.20703572307
356,HAS,put,79.13,75.0,0.104109589041,0.775,0.775076430233,0.23390610533
357,HBAN,call,11.64,12.0,0.027397260274,0.035,0.0351066475192,0.192170016088
358,HBI,call,28.81,12.0,0.027397260274,0.035,-11.9929763029,-5.98545379191e+68
359,HCA,call,90.46,90.5,0.0465753424658,1.825,1.82494636644,0.231179641579
360,HCA,put,90.46,85.5,0.123287671233,1.3,1.30000391878,0.264776178753
361,HCN,call,67.81,67.5,0.027397260274,1.0,1.00000005605,0.182114189615
362,HCN,put,67.81,10.0,0.104109589041,0.35,1.98110335993e-88,0.3
363,HCP,call,38.04,37.5,0.027397260274,0.825,0.825006039873,0.198146781129
364,HD,call,117.69,118.0,0.027397260274,1.805,1.80505331145,0.247223078237
365,HD,put,117.69,111.0,0.027397260274,0.27,0.270003011673,0.284737417846
366,HES,call,57.9,58.0,0.0657534246575,1.85,1.8499971534,0.313935447692
367,HES,put,57.9,55.0,0.027397260274,0.37,0.37011851726,0.36586606709
368,HIG,call,47.84,48.0,0.027397260274,0.865,0.865000503293,0.293847822906
369,HIG,put,47.84,45.0,0.0657534246575,0.47,0.470834123141,0.315211532661
370,HOG,call,59.72,60.0,0.027397260274,0.715,0.715477645748,0.210606862613
371,HOG,put,59.72,55.0,0.027397260274,0.065,0.0654035367087,0.30963508184
372,HON,call,105.37,105.0,0.027397260274,1.315,1.31500010142,0.156355795216
373,HON,put,105.37,100.0,0.027397260274,0.245,0.245064231792,0.263651501813
374,HOT,call,76.42,77.5,0.027397260274,1.025,1.02503511976,0.292403869128
375,HOT,put,76.42,72.5,0.027397260274,0.34,0.340005820208,0.325005978428
376,HP,call,61.74,60.0,0.027397260274,2.25,2.25035970566,0.286657211431
377,HP,put,61.74,55.0,0.027397260274,0.35,0.350380687866,0.602837934716
378,HPQ,call,29.32,29.5,0.027397260274,0.98,0.980000001122,0.545844105552
379,HPQ,put,29.32,27.5,0.027397260274,0.38,0.380013979243,0.561914089529
380,HRB,call,35.66,36.0,0.027397260274,0.5,0.500093545975,0.273603436029
381,HRB,put,35.66,33.0,0.104109589041,0.475,0.475002128879,0.328782993961
382,HRL,call,60.46,60.0,0.027397260274,1.35,1.35014253379,0.272821176806
383,HRS,call,82.93,85.0,0.027397260274,0.4,0.40012439687,0.204912450809
384,HRS,put,82.93,75.0,0.027397260274,0.225,0.225005021472,0.444477624275
385,HSIC,call,145.25,145.0,0.104109589041,3.1,3.10094821649,0.150364439982
386,HSP,call,89.53,145.0,0.104109589041,3.1,7.35887289369e-07,0.3
387,HST,call,19.16,17.0,0.027397260274,2.2,2.20008549343,0.449729567581
388,HSY,call,91.44,90.0,0.027397260274,1.905,1.90518111001,0.164306773108
389,HSY,put,91.44,85.0,0.027397260274,0.085,0.0850617854967,0.272149902136
390,HUM,call,185.82,185.0,0.104109589041,4.45,4.45000006058,0.159529698206
391,HUM,put,185.82,155.0,0.027397260274,0.1,0.100445747055,0.527750512214
392,IBM,call,155.51,155.0,0.027397260274,2.09,2.090000038,0.173044218705
393,IBM,put,155.51,147.0,0.0657534246575,0.475,0.47500790572,0.196166463952
394,ICE,call,236.9,240.0,0.027397260274,1.75,1.75002143088,0.190622825327
395,ICE,put,236.9,220.0,0.104109589041,1.5,1.50071918546,0.239230533441
396,IFF,call,114.05,115.0,0.027397260274,1.15,1.15000024446,0.205236103136
397,IFF,put,114.05,105.0,0.104109589041,0.575,0.575584451157,0.238808763676
398,INTC,call,28.99,29.0,0.027397260274,0.435,0.434990531302,0.225445177955
399,INTC,put,28.99,27.5,0.027397260274,0.065,0.0650207818533,0.262577082671
400,INTU,call,104.62,105.0,0.027397260274,2.3,2.30008758406,0.35502988182
401,INTU,put,104.62,95.0,0.027397260274,0.35,0.350003132442,0.455012983951
402,IP,call,47.27,47.5,0.027397260274,0.605,0.605276592816,0.224350723975
403,IP,put,47.27,44.5,0.027397260274,0.2,0.200088197116,0.350045713138
404,IPG,call,21.27,21.0,0.027397260274,0.525,0.525250224322,0.263037302553
405,IR,call,61.07,21.0,0.027397260274,0.525,-20.9877085301,-4.88452914197e+101
406,IRM,call,28.91,30.0,0.104109589041,0.325,0.325037621659,0.191390089158
407,ISRG,call,529.84,530.0,0.027397260274,7.9,7.89982332393,0.223683466018
408,ISRG,put,529.84,500.0,0.027397260274,0.975,0.975343166387,0.266559744369
409,ITW,call,89.24,90.0,0.027397260274,0.75,0.750001061842,0.180284559257
410,IVZ,call,38.33,38.0,0.027397260274,0.6,0.600004103676,0.158539612519
411,JBHT,call,80.46,80.0,0.027397260274,1.425,1.42500002155,0.217884519177
412,JCI,call,45.62,46.0,0.027397260274,0.6,0.600312852165,0.25262399774
413,JCI,put,45.62,43.0,0.027397260274,0.1,0.100892006057,0.284064216736
414,JEC,call,44.34,45.0,0.027397260274,0.4,0.40000075445,0.227115355022
415,JEC,put,44.34,37.5,0.104109589041,0.175,0.175012769537,0.372818375703
416,JNJ,call,99.01,99.0,0.027397260274,0.825,0.824993086514,0.120961198107
417,JNJ,put,99.01,93.0,0.027397260274,0.075,0.0750095350531,0.230928945217
418,JNPR,call,27.88,28.0,0.027397260274,0.415,0.415042505389,0.252135373204
419,JNPR,put,27.88,26.0,0.027397260274,0.055,0.0553155893052,0.312119812025
420,JOY,call,25.72,25.5,0.027397260274,0.92,0.920000023243,0.471566741022
421,JOY,put,25.72,24.0,0.0849315068493,0.88,0.8806765607,0.558797721971
422,JPM,call,68.23,68.0,0.027397260274,0.895,0.895000027284,0.167336919483
423,JPM,put,68.23,64.5,0.123287671233,0.56,0.560406788053,0.205749384717
424,JWN,call,76.24,75.0,0.027397260274,2.44,2.44000007163,0.34509779577
425,JWN,put,76.24,70.0,0.027397260274,0.185,0.18502002278,0.382096629566
426,K,call,69.2,70.0,0.027397260274,0.325,0.325063412075,0.137897763303
427,K,put,69.2,62.5,0.104109589041,0.1,0.100083872766,0.201914751653
428,KEY,call,14.72,15.0,0.027397260274,0.08,0.0800133813104,0.18842541186
429,KHC,call,77.97,80.0,0.027397260274,0.35,0.350162280072,0.20318048572
430,KHC,put,77.97,70.0,0.104109589041,0.2,0.200992294432,0.240328625363
431,KLAC,call,53.01,52.5,0.027397260274,1.025,1.025000528,0.207524123414
432,KLAC,put,53.01,50.0,0.027397260274,0.3,0.300383513592,0.378985797518
433,KMB,call,116.64,115.0,0.027397260274,2.125,2.12551542839,0.138685971417
434,KMB,put,116.64,110.0,0.027397260274,0.075,0.0750617226281,0.212037157334
435,KMI,call,32.89,33.0,0.027397260274,0.59,0.590000637704,0.291688501025
436,KMI,put,32.89,31.0,0.027397260274,0.17,0.170170485848,0.369792119265
437,KMX,call,62.76,62.5,0.027397260274,1.25,1.25008169182,0.26496708587
438,KMX,put,62.76,57.5,0.104109589041,0.45,0.450004024963,0.278512778242
439,KO,call,41.48,41.5,0.027397260274,0.355,0.35493458428,0.128806794378
440,KO,put,41.48,39.0,0.0849315068493,0.085,0.0850495935733,0.165375241912
441,KORS,call,45.37,45.5,0.027397260274,0.925,0.925004190088,0.325382562699
442,KORS,put,45.37,43.0,0.027397260274,0.275,0.275130510369,0.368155494953
443,KR,call,37.39,37.5,0.027397260274,0.475,0.475089463434,0.209535678554
444,KR,put,37.39,35.0,0.027397260274,0.1,0.10000767126,0.324362367368
445,KSS,call,61.41,62.5,0.027397260274,1.275,1.27500131949,0.428359433388
446,KSS,put,61.41,55.0,0.027397260274,0.2,0.200124173858,0.499302612923
447,KSU,call,98.26,98.5,0.027397260274,1.725,1.72500408311,0.279450720003
448,KSU,put,98.26,91.0,0.123287671233,1.3,1.30000196624,0.300458411709
449,L,call,39.03,40.0,0.104109589041,0.4,0.400045629324,0.149764194552
450,LB,call,82.49,83.0,0.027397260274,1.2,1.20020424074,0.259798272395
451,LB,put,82.49,45.0,0.104109589041,6.05,1.47907102841e-10,0.3
452,LEG,call,47.69,50.0,0.104109589041,0.275,0.275000718019,0.162195567815
453,LEN,call,51.45,52.5,0.027397260274,0.425,0.425001394626,0.244220982088
454,LEN,put,51.45,48.0,0.027397260274,0.085,0.0850343957373,0.29707979244
455,LH,call,124.49,125.0,0.027397260274,1.275,1.27500001059,0.180116871659
456,LLL,call,115.63,115.0,0.027397260274,1.6,1.60000092469,0.160238088452
457,LLTC,call,42.05,42.0,0.027397260274,0.8,0.800002347493,0.27474029053
458,LLTC,put,42.05,39.0,0.104109589041,0.625,0.625006732398,0.339653384322
459,LLY,call,83.54,83.5,0.0465753424658,1.235,1.23501454321,0.163138096973
460,LM,call,48.125,49.0,0.104109589041,1.0,1.00000011706,0.216023055877
461,LMT,call,208.86,210.0,0.027397260274,1.95,1.95000017972,0.175385561057
462,LMT,put,208.86,195.0,0.027397260274,0.2,0.200467697759,0.260821764022
463,LNC,call,56.07,55.0,0.027397260274,1.55,1.55000169596,0.243541201638
464,LOW,call,69.42,70.0,0.027397260274,1.13,1.13000004971,0.300527269027
465,LOW,put,69.42,65.0,0.027397260274,0.2,0.200031718601,0.330283808268
466,LRCX,call,73.0,72.5,0.027397260274,1.8,1.80003791085,0.315157668511
467,LUK,call,22.97,23.0,0.104109589041,0.525,0.524854813312,0.174019015401
468,LUV,call,38.36,38.5,0.027397260274,0.75,0.750004155006,0.318288144364
469,LUV,put,38.36,36.0,0.027397260274,0.15,0.150113366864,0.353182334021
470,LVLT,call,48.93,49.0,0.027397260274,0.95,0.949093986898,0.3
471,LYB,call,89.36,90.0,0.027397260274,1.475,1.47500247462,0.296143550796
472,LYB,put,89.36,82.5,0.104109589041,1.375,1.37506543291,0.356415129961
473,M,call,67.53,67.5,0.027397260274,1.9,1.8999593913,0.418532014197
474,M,put,67.53,64.0,0.027397260274,0.645,0.645000548025,0.443710370997
475,MA,call,97.2,97.0,0.027397260274,1.325,1.32555823647,0.186088678061
476,MA,put,97.2,92.0,0.0849315068493,0.55,0.550787909686,0.209929721716
477,MAR,call,72.14,72.5,0.027397260274,0.825,0.825788185661,0.204521062103
478,MAR,put,72.14,67.5,0.104109589041,0.7,0.700012581328,0.263210051634
479,MAS,call,27.1,27.0,0.027397260274,0.475,0.475122974374,0.232223080874
480,MAT,call,23.3,23.0,0.104109589041,3.9,3.89999988477,1.25896398829
481,MCD,call,98.81,99.0,0.027397260274,0.925,0.925219446229,0.151608674048
482,MCD,put,98.81,93.5,0.027397260274,0.065,0.0650813072744,0.203156387694
483,MCHP,call,43.72,44.0,0.027397260274,0.65,0.650081080741,0.266149531533
484,MCHP,put,43.72,41.0,0.104109589041,0.6,0.600000777283,0.300481438631
485,MCK,call,215.52,220.0,0.027397260274,1.075,1.07531290554,0.188808589512
486,MCK,put,215.52,200.0,0.027397260274,0.125,0.125003186268,0.253191987697
487,MCO,call,110.54,110.0,0.104109589041,2.595,2.59500008483,0.153794711488
488,MDLZ,call,46.1,46.0,0.027397260274,0.825,0.825039426285,0.249986306252
489,MDLZ,put,46.1,43.0,0.027397260274,0.13,0.130091167597,0.342000599957
490,MDT,call,77.39,77.5,0.027397260274,0.83,0.829996552846,0.168599536946
491,MDT,put,77.39,72.5,0.027397260274,0.095,0.0950990852,0.264476384218
492,MET,call,54.98,55.0,0.027397260274,0.76,0.759972966094,0.207679017904
493,MET,put,54.98,52.0,0.0657534246575,0.305,0.305114494996,0.237668634139
494,MHK,call,204.92,200.0,0.027397260274,6.3,6.30003903437,0.236760090444
495,MHK,put,204.92,190.0,0.027397260274,0.325,0.325008945643,0.314085748111
496,MJN,call,86.94,90.0,0.027397260274,0.565,0.565000249419,0.282738367644
497,MKC,call,84.62,90.0,0.027397260274,0.565,0.565000815515,0.402184840639
498,MLM,call,171.0,170.0,0.027397260274,3.3,3.30000000814,0.241224525726
499,MLM,put,171.0,160.0,0.027397260274,0.35,0.350151789178,0.303382390124
500,MMM,call,148.48,148.0,0.027397260274,1.715,1.71500019025,0.144461254524
501,MMM,put,148.48,141.0,0.123287671233,1.42,1.42046936103,0.209427529389
502,MNK,call,102.33,103.0,0.0849315068493,3.95,3.95002397497,0.351271117915
503,MNK,put,102.33,97.0,0.0465753424658,1.475,1.47541459709,0.413912557103
504,MNST,call,142.8,143.0,0.027397260274,2.75,2.74999997068,0.297670896612
505,MNST,put,142.8,135.0,0.027397260274,0.575,0.575022713138,0.327950444707
506,MO,call,55.73,55.5,0.027397260274,0.765,0.765000054766,0.170243516405
507,MO,put,55.73,52.5,0.027397260274,0.08,0.08012602814,0.25619911107
508,MON,call,102.53,103.0,0.027397260274,1.31,1.31055693101,0.222089848469
509,MON,put,102.53,96.0,0.027397260274,0.2,0.200056119954,0.297352388829
510,MOS,call,43.85,44.0,0.027397260274,0.58,0.580116278441,0.220838505238
511,MOS,put,43.85,40.0,0.104109589041,0.245,0.245028651506,0.265029894952
512,MPC,call,55.86,56.0,0.027397260274,1.075,1.07500015646,0.305490334026
513,MPC,put,55.86,52.5,0.104109589041,1.125,1.1250106326,0.357188680046
514,MRK,call,57.76,58.0,0.027397260274,0.5,0.500000023302,0.156350003186
515,MRK,put,57.76,50.0,0.104109589041,0.075,0.0752910391427,0.261209290881
516,MRO,call,18.88,19.0,0.027397260274,0.455,0.455215337555,0.406217044677
517,MRO,put,18.88,17.5,0.027397260274,0.205,0.205085852964,0.573460304156
518,MS,call,37.92,38.0,0.027397260274,0.515,0.515021345148,0.216865299647
519,MS,put,37.92,36.0,0.027397260274,0.105,0.105003673059,0.276213050091
520,MSFT,call,46.41,46.5,0.027397260274,0.54,0.540043409581,0.186164773002
521,MSFT,put,46.41,44.0,0.027397260274,0.105,0.105025295121,0.265242658946
522,MSI,call,63.36,62.5,0.027397260274,1.285,1.28502163342,0.181360749937
523,MSI,put,63.36,60.0,0.027397260274,0.08,0.0806837643212,0.232157975686
524,MTB,call,130.98,130.0,0.027397260274,2.0,2.00000483473,0.163625940756
525,MU,call,17.88,18.0,0.027397260274,0.555,0.555725166482,0.51429729123
526,MU,put,17.88,16.5,0.027397260274,0.155,0.155136929122,0.543387390915
527,MUR,call,33.16,32.5,0.027397260274,0.975,0.97580564007,0.264641901835
528,MUR,put,33.16,30.0,0.104109589041,0.5,0.500522130696,0.40217650046
529,MYL,call,57.143,57.0,0.027397260274,1.185,1.18500189588,0.290553314376
530,MYL,put,57.143,54.0,0.027397260274,0.22,0.220005955725,0.324720899074
531,NAVI,call,15.39,15.0,0.104109589041,0.75,0.750423847685,0.261690132154
532,NBL,call,34.17,35.0,0.027397260274,0.575,0.575002950426,0.404757968399
533,NBL,put,34.17,30.0,0.027397260274,0.125,0.125004199983,0.583107129524
534,NDAQ,call,53.31,55.0,0.104109589041,0.475,0.475192604717,0.155617277239
535,NDAQ,put,53.31,49.0,0.104109589041,0.25,0.250348437301,0.236669887555
536,NEE,call,106.63,105.0,0.027397260274,2.2,2.20015874192,0.166667232251
537,NEE,put,106.63,100.0,0.104109589041,0.55,0.550000998336,0.203275220999
538,NEM,call,17.03,17.0,0.027397260274,0.545,0.545036913102,0.467358466873
539,NEM,put,17.03,16.0,0.027397260274,0.18,0.180003364868,0.505265141576
540,NFLX,call,122.75,122.86,0.027397260274,3.65,3.64978121223,0.452660321306
541,NFLX,put,122.75,116.43,0.027397260274,1.425,1.4250017942,0.480805875191
542,NFX,call,35.36,35.0,0.104109589041,2.175,2.17500000106,0.431059673101
543,NFX,put,35.36,33.0,0.027397260274,0.35,0.350032533482,0.521640630421
544,NKE,call,114.46,114.0,0.027397260274,1.65,1.65000004829,0.181760011447
545,NKE,put,114.46,107.0,0.027397260274,0.105,0.105433827188,0.254806778613
546,NOC,call,173.32,175.0,0.027397260274,1.65,1.65000099933,0.204864230768
547,NOC,put,173.32,160.0,0.027397260274,0.2,0.200466258106,0.306013483866
548,NOV,call,40.49,40.5,0.027397260274,0.935,0.934993950923,0.34723901226
549,NOV,put,40.49,37.5,0.027397260274,0.205,0.205031674511,0.436645796101
550,NRG,call,19.23,20.0,0.027397260274,0.275,0.27507541713,0.445487752079
551,NRG,put,19.23,18.0,0.104109589041,0.55,0.550076869674,0.446329357297
552,NSC,call,80.98,81.0,0.027397260274,1.325,1.3249860682,0.245268979462
553,NSC,put,80.98,75.0,0.027397260274,0.125,0.125005704639,0.315683676273
554,NTAP,call,30.71,30.5,0.027397260274,1.165,1.16500001047,0.518450113135
555,NTAP,put,30.71,29.0,0.027397260274,0.38,0.380002228783,0.517373664194
556,NUE,call,45.28,45.5,0.027397260274,0.775,0.77500363026,0.289799260272
557,NUE,put,45.28,43.0,0.027397260274,0.215,0.215005053412,0.328452422132
558,NVDA,call,23.665,23.5,0.027397260274,0.565,0.565000250806,0.30208340567
559,NVDA,put,23.665,22.0,0.027397260274,0.12,0.120005987502,0.422151905105
560,NWL,call,43.19,44.0,0.027397260274,0.15,0.150283128661,0.150937427653
561,NWSA,call,13.96,14.0,0.027397260274,0.35,0.350012935291,0.396327645593
562,NWSA,put,13.96,13.0,0.104109589041,0.2,0.200703349658,0.324599142533
563,O,call,47.45,45.0,0.104109589041,2.7,2.70002034432,0.152827435364
564,O,put,47.45,45.0,0.104109589041,0.3,0.30056093182,0.194256793286
565,OI,call,21.64,22.0,0.027397260274,0.2,0.20099592048,0.241137099956
566,OKE,call,36.04,37.5,0.027397260274,0.475,0.475110855972,0.428501143891
567,OKE,put,36.04,32.5,0.027397260274,0.15,0.150018699971,0.508417444718
568,OMC,call,72.87,75.0,0.027397260274,0.25,0.250440693349,0.194844065132
569,ORCL,call,39.17,39.0,0.027397260274,0.565,0.56598898919,0.179531486077
570,ORCL,put,39.17,37.0,0.104109589041,0.375,0.375032646229,0.239633593282
571,ORLY,call,247.64,250.0,0.027397260274,1.975,1.97500622365,0.179645777501
572,ORLY,put,247.64,230.0,0.027397260274,0.35,0.350005879175,0.300553927924
573,OXY,call,71.48,71.0,0.027397260274,1.545,1.5451700302,0.269509134571
574,OXY,put,71.48,67.5,0.027397260274,0.265,0.265006596923,0.323544246702
575,PAYX,call,47.88,48.0,0.027397260274,0.45,0.450254577126,0.156369123776
576,PAYX,put,47.88,45.0,0.104109589041,0.225,0.225001160538,0.192649143089
577,PBI,call,21.34,21.0,0.027397260274,0.5,0.50000344126,0.207889568362
578,PBI,put,21.34,16.0,0.104109589041,0.15,0.000686450210338,0.3
579,PCAR,call,62.99,62.5,0.027397260274,1.025,1.02500132928,0.176673476176
580,PCAR,put,62.99,57.5,0.104109589041,0.35,0.350049821367,0.263183493509
581,PCG,call,52.63,55.0,0.104109589041,0.325,0.325000441458,0.159487701802
582,PCL,call,41.42,41.0,0.027397260274,0.45,0.450981176959,0.0413854607676
583,PCL,put,41.42,39.0,0.027397260274,0.04,0.0404728999941,0.236070441638
584,PCLN,call,1307.73,1307.5,0.027397260274,22.05,22.0498908349,0.249650997586
585,PCLN,put,1307.73,1240.0,0.027397260274,3.125,3.12543929366,0.268875230682
586,PCP,call,230.8,230.0,0.027397260274,1.2,1.20000046241,0.0410653917382
587,PCP,put,230.8,210.0,0.104109589041,0.175,0.175016200555,0.167585882343
588,PDCO,call,49.86,50.0,0.104109589041,1.15,1.14970285792,0.1813485014
589,PEG,call,42.47,40.0,0.104109589041,2.725,2.7250043115,0.177335050413
590,PEP,call,98.62,98.5,0.027397260274,0.89,0.890926510013,0.122798940105
591,PEP,put,98.62,93.0,0.0465753424658,0.07,0.0705695040452,0.167160731522
592,PFE,call,35.12,35.0,0.027397260274,0.475,0.475659366823,0.173486029913
593,PFE,put,35.12,33.0,0.027397260274,0.045,0.0450802925819,0.257566341858
594,PFG,call,56.04,55.0,0.027397260274,1.375,1.37504615802,0.194995159875
595,PG,call,76.22,76.0,0.027397260274,0.815,0.815000101696,0.134254065801
596,PG,put,76.22,71.0,0.027397260274,0.05,0.0505456879229,0.248763952085
597,PGR,call,30.93,31.0,0.027397260274,0.35,0.350060893653,0.183664558474
598,PH,call,112.59,115.0,0.027397260274,1.075,1.07500018309,0.270993543091
599,PH,put,112.59,105.0,0.027397260274,0.55,0.550007758092,0.404660750201
600,PHM,call,20.55,20.5,0.027397260274,0.37,0.370022173056,0.249563062665
601,PHM,put,20.55,19.5,0.0465753424658,0.115,0.115001730387,0.271391181229
602,PLD,call,41.16,41.0,0.027397260274,0.525,0.525000063865,0.157351721428
603,PLL,call,126.61,125.0,0.104109589041,1.95,1.95000972265,0.0352458718092
604,PLL,put,126.61,55.0,0.104109589041,4.45,2.63470691391e-18,0.3
605,PM,call,85.47,85.5,0.0657534246575,1.19,1.18967913778,0.130925854133
606,PM,put,85.47,80.0,0.027397260274,0.06,0.0600052710866,0.237652110188
607,PNC,call,97.92,97.5,0.027397260274,1.305,1.30500018655,0.162674006776
608,PNR,call,61.1,60.0,0.027397260274,1.75,1.75071132461,0.27283730872
609,PNW,call,63.08,65.0,0.104109589041,0.65,0.650107455182,0.164845315981
610,POM,call,26.79,60.0,0.027397260274,1.75,2.00571598778e-60,0.3
611,PPG,call,104.41,105.0,0.027397260274,1.425,1.42546115161,0.242564597317
612,PPG,put,104.41,97.5,0.027397260274,0.855,0.855049785019,0.480914534597
613,PPL,call,32.65,33.0,0.027397260274,0.2,0.200006420124,0.156946670506
614,PRGO,call,192.8,195.0,0.104109589041,6.7,6.70000234989,0.302971158627
615,PRGO,put,192.8,180.0,0.104109589041,2.6,2.60000007765,0.309081901391
616,PRU,call,89.46,90.0,0.027397260274,1.015,1.01500001674,0.209938898877
617,PRU,put,89.46,82.5,0.104109589041,0.635,0.635037776635,0.263877781117
618,PSA,call,209.1,210.0,0.027397260274,1.975,1.97500004926,0.169384978411
619,PSX,call,83.7,83.5,0.027397260274,1.2,1.20051504288,0.19416046912
620,PSX,put,83.7,79.5,0.0849315068493,1.35,1.35000026591,0.321039101781
621,PVH,call,113.67,115.0,0.027397260274,1.275,1.27500011392,0.243501410609
622,PWR,call,24.45,25.0,0.027397260274,0.25,0.250069876752,0.288024163052
623,PWR,put,24.45,23.0,0.104109589041,0.35,0.350003222554,0.298644039452
624,PX,call,113.98,115.0,0.027397260274,0.775,0.775007099873,0.157618363267
625,PXD,call,127.9,128.0,0.0465753424658,3.8,3.7999613926,0.343953619497
626,PXD,put,127.9,121.0,0.027397260274,1.25,1.25000221685,0.456526212128
627,PYPL,call,38.85,39.0,0.027397260274,0.75,0.750003830565,0.316041546407
628,PYPL,put,38.85,36.0,0.0849315068493,0.45,0.450009233964,0.338489565063
629,QCOM,call,62.55,62.5,0.027397260274,0.875,0.875040841083,0.201348207549
630,QCOM,put,62.55,59.0,0.027397260274,0.1,0.10010147017,0.258755160668
631,QRVO,call,53.86,55.0,0.027397260274,1.175,1.17500619681,0.465127980103
632,QRVO,put,53.86,50.0,0.027397260274,0.45,0.450114272371,0.510290116076
633,RAI,call,86.25,85.0,0.027397260274,1.725,1.72510383373,0.165427544586
634,RAI,put,86.25,80.0,0.104109589041,0.525,0.525298416873,0.238504303313
635,RCL,call,90.9,90.0,0.027397260274,2.135,2.13541913349,0.270424926511
636,RCL,put,90.9,85.0,0.027397260274,0.265,0.265088053408,0.336182074779
637,REGN,call,566.99,567.5,0.027397260274,11.05,11.049999774,0.297489034346
638,REGN,put,566.99,535.0,0.027397260274,1.775,1.77500193734,0.309827234005
639,RF,call,10.58,11.0,0.027397260274,0.04,0.04001062497,0.244206539406
640,RF,put,10.58,10.0,0.104109589041,0.125,0.125000967314,0.261555127541
641,RHT,call,77.41,77.5,0.104109589041,3.075,3.07499916782,0.304738031571
642,RHT,put,77.41,70.0,0.104109589041,0.775,0.775077544445,0.343238471094
643,RIG,call,14.49,14.5,0.027397260274,0.555,0.554898547384,0.580921713283
644,RIG,put,14.49,13.5,0.027397260274,0.28,0.280034482272,0.718262128997
645,RL,call,119.0,120.0,0.027397260274,1.6,1.60065391976,0.2575763637
646,RL,put,119.0,105.0,0.104109589041,0.45,0.45030406069,0.295832897189
647,ROK,call,116.74,115.0,0.027397260274,2.425,2.42510091957,0.173986773589
648,ROK,put,116.74,110.0,0.104109589041,1.475,1.47500128255,0.277553012585
649,ROP,call,168.96,165.0,0.027397260274,4.3,4.30007401246,0.131876986997
650,ROP,put,168.96,160.0,0.104109589041,0.95,0.950001485595,0.188889658042
651,ROST,call,53.82,55.0,0.027397260274,0.8,0.800000484333,0.360247097372
652,ROST,put,53.82,50.0,0.104109589041,0.55,0.550000282197,0.285457179535
653,RRC,call,38.55,37.5,0.027397260274,1.95,1.9500627669,0.536726546499
654,RRC,put,38.55,35.0,0.027397260274,0.375,0.375004686821,0.638123616922
655,RTN,call,108.51,110.0,0.027397260274,0.74,0.740018517787,0.184877948352
656,RTN,put,108.51,100.0,0.027397260274,0.07,0.070041315329,0.277632455591
657,SBUX,call,56.36,56.5,0.027397260274,0.73,0.730076607611,0.210035523652
658,SBUX,put,56.36,53.5,0.027397260274,0.115,0.115099370413,0.2533975967
659,SCG,call,56.07,55.0,0.027397260274,1.4,1.40005048823,0.195984464978
660,SCHW,call,34.75,35.0,0.027397260274,0.45,0.450268992688,0.242183246258
661,SCHW,put,34.75,33.0,0.027397260274,0.1,0.100002193028,0.278383355732
662,SE,call,29.99,30.0,0.027397260274,0.575,0.574999746392,0.288505004951
663,SEE,call,54.6,55.0,0.027397260274,0.575,0.575000048979,0.205809396541
664,SEE,put,54.6,31.0,0.027397260274,1.375,3.24495079786e-31,0.3
665,SHW,call,271.02,270.0,0.027397260274,4.0,4.00000005056,0.189191936426
666,SHW,put,271.02,250.0,0.027397260274,0.275,0.274631363746,0.3
667,SIG,call,119.99,120.0,0.027397260274,1.85,1.84997166897,0.229733853037
668,SJM,call,108.9,110.0,0.027397260274,0.55,0.550050203052,0.135947765019
669,SLB,call,84.36,84.5,0.027397260274,1.315,1.31499987545,0.243988007372
670,SLB,put,84.36,80.0,0.027397260274,0.26,0.260621070047,0.289829892908
671,SLG,call,114.5,115.0,0.104109589041,2.5,2.49955694013,0.177594528017
672,SNA,call,165.14,165.0,0.027397260274,2.0,2.00027154044,0.172495953381
673,SNA,put,165.14,155.0,0.104109589041,1.075,1.0750001556,0.218912244193
674,SNDK,call,59.1,59.0,0.027397260274,1.335,1.33500530116,0.324964633842
675,SNDK,put,59.1,56.0,0.027397260274,0.335,0.335113711113,0.35991384352
676,SO,call,45.91,46.0,0.027397260274,0.215,0.21557202159,0.0810320632886
677,SO,put,45.91,43.0,0.027397260274,0.06,0.0600342913184,0.268913264725
678,SPG,call,191.55,190.0,0.027397260274,2.245,2.24551855056,0.0986376756004
679,SPG,put,191.55,180.0,0.027397260274,0.33,0.330039225953,0.276214953837
680,SPLS,call,14.12,14.0,0.027397260274,0.525,0.525000015374,0.493645344096
681,SPLS,put,14.12,13.0,0.0657534246575,0.175,0.175293445079,0.414127333855
682,SRCL,call,144.28,140.0,0.027397260274,4.55,4.55008863241,0.15104636542
683,SRE,call,102.9,105.0,0.027397260274,0.525,0.525132785648,0.189105233112
684,STI,call,43.99,43.0,0.104109589041,1.74,1.74000516958,0.199251791756
685,STI,put,43.99,36.0,0.104109589041,0.06,0.0600048992844,0.345116259176
686,STJ,call,71.59,75.0,0.027397260274,0.175,0.175255493634,0.238767493279
687,STT,call,78.43,77.5,0.027397260274,1.525,1.52500945308,0.186434950386
688,STT,put,78.43,70.0,0.027397260274,0.55,0.550289874419,0.63616132901
689,STX,call,51.01,51.0,0.027397260274,1.095,1.09499917113,0.319294966672
690,STX,put,51.01,48.0,0.027397260274,0.275,0.275513312675,0.382187317121
691,STZ,call,125.07,125.0,0.027397260274,1.45,1.45010504536,0.16687321689
692,SWK,call,105.02,105.0,0.027397260274,1.325,1.3249783452,0.18520819731
693,SWKS,call,88.97,89.0,0.027397260274,2.7,2.69982737312,0.457829458007
694,SWKS,put,88.97,84.5,0.0465753424658,1.55,1.55057735321,0.448583876971
695,SWN,call,18.11,18.0,0.027397260274,0.68,0.680918396362,0.51932515652
696,SWN,put,18.11,17.0,0.027397260274,0.23,0.230006820045,0.552702450381
697,SYK,call,101.82,100.0,0.027397260274,2.4,2.40011416238,0.186342907639
698,SYK,put,101.82,95.0,0.104109589041,0.525,0.525000573788,0.213730618428
699,SYMC,call,21.34,21.0,0.027397260274,0.6,0.600051631888,0.285847896287
700,SYMC,put,21.34,20.0,0.027397260274,0.075,0.0750443076511,0.346710430828
701,SYY,call,37.97,38.0,0.027397260274,0.5,0.499978545103,0.200942184848
702,SYY,put,37.97,36.0,0.027397260274,0.075,0.0750609005051,0.255337688579
703,T,call,34.65,34.5,0.027397260274,0.575,0.575382905365,0.212743074228
704,T,put,34.65,32.5,0.027397260274,0.07,0.0700919545471,0.294166660581
705,TAP,call,72.52,72.5,0.027397260274,1.25,1.2499962039,0.254584457127
706,TAP,put,72.52,67.5,0.027397260274,0.15,0.150014277506,0.321921329232
707,TDC,call,30.25,30.0,0.027397260274,0.75,0.750002712045,0.3051921588
708,TE,call,21.99,20.0,0.027397260274,2.0,2.00170616185,0.061638265986
709,TEL,call,62.78,65.0,0.104109589041,0.575,0.575229239277,0.166824996273
710,TEL,put,62.78,42.5,0.027397260274,11.9,5.67415377448e-16,0.3
711,TGNA,call,26.02,26.0,0.027397260274,0.675,0.674998229849,0.382841642165
712,TGT,call,78.87,79.0,0.027397260274,1.195,1.19500014245,0.237296371825
713,TGT,put,78.87,74.0,0.123287671233,0.925,0.92501634039,0.256957288957
714,THC,call,52.23,52.0,0.027397260274,1.2,1.20000475268,0.309517227505
715,THC,put,52.23,49.5,0.027397260274,0.325,0.325180142303,0.372026452218
716,TIF,call,93.6,92.5,0.027397260274,2.13,2.13000022526,0.241279860358
717,TIF,put,93.6,87.5,0.027397260274,0.2,0.200740651363,0.310133608669
718,TJX,call,69.97,70.0,0.027397260274,1.45,1.44999923586,0.312699088873
719,TJX,put,69.97,65.0,0.027397260274,0.225,0.225001088502,0.369701710726
720,TMK,call,62.88,65.0,0.027397260274,0.15,0.150001362414,0.187406793719
721,TMO,call,134.58,135.0,0.027397260274,1.475,1.47572951647,0.184383373835
722,TMO,put,134.58,125.0,0.104109589041,0.6,0.600001783547,0.212719795422
723,TRIP,call,74.67,74.5,0.0657534246575,2.4,2.40000013267,0.296486672234
724,TRIP,put,74.67,70.0,0.104109589041,1.15,1.1500003084,0.318221980282
725,TROW,call,76.18,75.0,0.027397260274,1.65,1.65004996275,0.182413268062
726,TROW,put,76.18,70.0,0.104109589041,0.35,0.350539330777,0.235782716617
727,TRV,call,105.89,105.0,0.027397260274,1.625,1.62501175625,0.155656373614
728,TRV,put,105.89,100.0,0.104109589041,0.6,0.600000734408,0.195290997566
729,TSCO,call,93.47,95.0,0.027397260274,0.65,0.650016581713,0.201188771958
730,TSCO,put,93.47,85.0,0.027397260274,0.125,0.125016659738,0.361705510011
731,TSN,call,41.95,42.0,0.027397260274,0.625,0.624991555725,0.23012334842
732,TSN,put,41.95,39.0,0.027397260274,0.075,0.0757309059682,0.315084279625
733,TSO,call,109.43,109.0,0.027397260274,2.75,2.75016689931,0.346176817247
734,TSO,put,109.43,103.0,0.027397260274,0.575,0.57589928421,0.377629909258
735,TSS,call,47.06,45.0,0.104109589041,2.2,2.20000927601,0.0959238034394
736,TWC,call,186.85,190.0,0.027397260274,2.15,2.15000002084,0.278123633925
737,TWC,put,186.85,175.0,0.027397260274,0.525,0.525054282006,0.326973299603
738,TWX,call,79.77,80.0,0.027397260274,1.39,1.39000552332,0.280632208067
739,TWX,put,79.77,75.5,0.123287671233,1.38,1.3807646368,0.287379033949
740,TXN,call,50.65,50.5,0.027397260274,0.915,0.915090447104,0.246281414111
741,TXN,put,50.65,48.0,0.027397260274,0.15,0.150452768178,0.288857508321
742,TXT,call,42.96,43.0,0.027397260274,0.715,0.714994856505,0.254623742923
743,TXT,put,42.96,34.0,0.104109589041,0.07,0.0700543027886,0.405204659996
744,TYC,call,37.84,38.0,0.104109589041,1.045,1.04492272486,0.222020005295
745,UA,call,99.09,99.0,0.027397260274,1.9,1.90000175406,0.279158100171
746,UA,put,99.09,94.0,0.027397260274,0.425,0.425004107236,0.321219881767
747,UHS,call,141.4,140.0,0.027397260274,3.15,3.15000004961,0.251368204817
748,UHS,put,141.4,130.0,0.027397260274,0.275,0.275003630291,0.357547705629
749,UNH,call,122.26,122.0,0.027397260274,1.87,1.87039425244,0.210812984328
750,UNH,put,122.26,116.0,0.027397260274,0.235,0.235278667706,0.250993394986
751,UNM,call,35.71,36.0,0.027397260274,0.45,0.450350743813,0.24287709142
752,UNP,call,92.32,92.5,0.027397260274,1.315,1.31502435492,0.225743922665
753,UNP,put,92.32,87.5,0.0849315068493,0.9,0.900015823514,0.25739489433
754,UPS,call,102.99,103.0,0.027397260274,0.74,0.739911006044,0.10508641138
755,UPS,put,102.99,97.5,0.027397260274,0.095,0.0950179050969,0.216574101384
756,URBN,call,32.81,33.0,0.027397260274,1.225,1.22500000019,0.602671021265
757,URBN,put,32.81,31.0,0.027397260274,0.6,0.600004102297,0.625827190374
758,URI,call,65.84,66.0,0.027397260274,1.55,1.55001601981,0.37002662822
759,URI,put,65.84,62.5,0.104109589041,1.775,1.77501914919,0.390588747231
760,USB,call,45.4,45.5,0.027397260274,0.38,0.380231870275,0.138616274852
761,USB,put,45.4,43.0,0.027397260274,0.05,0.0507668225036,0.224633459196
762,UTX,call,98.61,98.5,0.027397260274,0.87,0.870847027898,0.12053197546
763,UTX,put,98.61,93.5,0.0657534246575,0.455,0.455731584414,0.216195993854
764,V,call,73.36,73.5,0.027397260274,0.815,0.815079357826,0.177978109776
765,V,put,73.36,69.0,0.0465753424658,0.185,0.18557025805,0.233091404929
766,VFC,call,76.07,75.0,0.027397260274,1.575,1.57502883164,0.182887501731
767,VIAB,call,46.0,45.0,0.027397260274,1.7,1.70000098087,0.370393263608
768,VIAB,put,46.0,42.5,0.027397260274,0.2,0.200037434617,0.425273048331
769,VLO,call,70.43,70.5,0.027397260274,1.52,1.51999601682,0.329883273986
770,VLO,put,70.43,66.5,0.0849315068493,1.145,1.14500405661,0.339832019609
771,VMC,call,96.23,95.0,0.104109589041,3.75,3.75000002183,0.241971181928
772,VMC,put,96.23,90.0,0.027397260274,0.175,0.175126392434,0.295907167532
773,VNO,call,96.55,95.0,0.027397260274,2.275,2.27501534335,0.208753441827
774,VNO,put,96.55,90.0,0.104109589041,0.45,0.450001258752,0.208602852252
775,VRSN,call,70.86,75.0,0.104109589041,0.39,0.390001361288,0.17919125877
776,VRSN,put,70.86,65.0,0.104109589041,0.3,0.300647679961,0.233359850087
777,VRTX,call,135.87,137.0,0.027397260274,3.65,3.65000003531,0.461309636625
778,VRTX,put,135.87,128.0,0.0657534246575,2.375,2.37539113395,0.407080289988
779,VTR,call,67.48,65.0,0.104109589041,3.125,3.12555743749,0.170427277348
780,VZ,call,47.6,47.5,0.027397260274,0.515,0.515724866267,0.143022202517
781,VZ,put,47.6,45.0,0.027397260274,0.04,0.0400105325579,0.216479693417
782,WAT,call,132.6,135.0,0.027397260274,0.8,0.800063978506,0.194374846079
783,WBA,call,92.95,93.0,0.027397260274,1.095,1.09491917029,0.178038673795
784,WBA,put,92.95,88.0,0.0849315068493,0.69,0.690166993772,0.232239563832
785,WDC,call,83.19,83.0,0.027397260274,1.66,1.6600104721,0.280362980986
786,WDC,put,83.19,78.5,0.027397260274,0.265,0.265810930107,0.311585987484
787,WEC,call,50.49,50.0,0.027397260274,0.8,0.800016837014,0.150116138794
788,WFC,call,57.21,57.0,0.027397260274,0.64,0.640000252511,0.135049415543
789,WFC,put,57.21,54.0,0.027397260274,0.04,0.0400239460297,0.213034101183
790,WFM,call,33.97,34.0,0.027397260274,0.565,0.564995726388,0.254101332427
791,WFM,put,33.97,32.0,0.027397260274,0.085,0.0850387215258,0.296121924369
792,WHR,call,171.47,170.0,0.027397260274,3.8,3.80000000841,0.261671226629
793,WHR,put,171.47,160.0,0.027397260274,0.355,0.355004506655,0.313557130992
794,WM,call,51.52,52.5,0.104109589041,0.35,0.350164640595,0.104474044
795,WMB,call,49.98,50.0,0.027397260274,1.55,1.54988735037,0.468368775924
796,WMB,put,49.98,47.0,0.104109589041,2.6,2.60056051929,0.635287317731
797,WMT,call,71.93,72.0,0.027397260274,1.05,1.04997789209,0.223947888595
798,WMT,put,71.93,68.0,0.0465753424658,0.235,0.235306104624,0.236565945341
799,WRK,call,63.39,65.0,0.104109589041,1.175,1.17500111852,0.219872189398
800,WRK,put,63.39,60.0,0.027397260274,0.225,0.225478669981,0.310374285321
801,WU,call,20.4,20.0,0.027397260274,0.55,0.550003124531,0.22523736098
802,WY,call,30.81,31.0,0.027397260274,0.25,0.250000141722,0.161171614018
803,WY,put,30.81,20.0,0.027397260274,0.125,2.02684990709e-19,0.3
804,WYN,call,79.8,80.0,0.027397260274,1.025,1.02511682561,0.208561547363
805,WYN,put,79.8,70.0,0.104109589041,0.325,0.325002230008,0.311993485841
806,WYNN,call,99.53,99.5,0.027397260274,2.7,2.69994627782,0.40431294139
807,WYNN,put,99.53,94.5,0.027397260274,0.905,0.905000293098,0.425777497585
808,XEC,call,114.57,115.0,0.027397260274,2.25,2.25001648975,0.320337996607
809,XEC,put,114.57,105.0,0.027397260274,0.6,0.600000479217,0.482204252236
810,XEL,call,35.37,35.0,0.104109589041,0.875,0.875002946072,0.138335975125
811,XL,call,39.7,40.0,0.027397260274,0.265,0.265001551812,0.147381177936
812,XL,put,39.7,36.0,0.027397260274,0.075,0.0751516705492,0.399465147234
813,XLNX,call,43.18,43.0,0.027397260274,0.855,0.855063995411,0.262982578636
814,XLNX,put,43.18,41.0,0.104109589041,0.57,0.57000190277,0.263860827296
815,XOM,call,77.49,77.5,0.027397260274,1.065,1.06496692408,0.204708832642
816,XOM,put,77.49,73.5,0.027397260274,0.185,0.185029897787,0.267658283298
817,XRX,call,11.08,11.0,0.027397260274,0.275,0.275005846907,0.314524792078
818,XYL,call,33.58,35.0,0.027397260274,0.125,0.125021048783,0.252765783659
819,XYL,put,33.58,30.0,0.104109589041,0.325,0.325242347085,0.365040294124
820,YHOO,call,36.03,36.0,0.027397260274,1.125,1.12497926484,0.462471017775
821,YHOO,put,36.03,34.0,0.027397260274,0.33,0.330001116284,0.455457423942
822,YUM,call,83.54,83.5,0.027397260274,1.52,1.51999923642,0.26757203817
823,YUM,put,83.54,79.0,0.027397260274,0.305,0.305001779229,0.316525140827
824,ZBH,call,104.17,100.0,0.104109589041,5.2,5.2006988619,0.1820849169
825,ZION,call,30.64,31.0,0.027397260274,0.315,0.315000105093,0.22911696589
826,ZION,put,30.64,28.0,0.027397260274,0.07,0.0700292093186,0.392043276149
